{
  "image_file": "SVID_20250331_190421_1_mp4-0269_jpg.rf.1a678fc32284b3333b579594083f203e.jpg",
  "image_path": "C:\\Users\\Administrator\\PycharmProjects\\WFGameAI\\datasets\\yolov11-card2\\test\\images\\SVID_20250331_190421_1_mp4-0269_jpg.rf.1a678fc32284b3333b579594083f203e.jpg",
  "num_detections": 3,
  "detections": [
    {
      "class_id": 0,
      "class_name": "hint-guide",
      "confidence": 0.95703125,
      "box": [
        209,
        428,
        428,
        489
      ]
    },
    {
      "class_id": 58,
      "class_name": "operation-confirm",
      "confidence": 0.91796875,
      "box": [
        213,
        437,
        425,
        469
      ]
    },
    {
      "class_id": 57,
      "class_name": "operation-close",
      "confidence": 0.7216796875,
      "box": [
        535,
        150,
        605,
        186
      ]
    }
  ]
}