{
  "timestamp": 1753347469,
  "device_id": "5c41023b",
  "screen_resolution": [
    1080,
    2400
  ],
  "image_size": [
    1080,
    2400
  ],
  "screenshot_path": "screenshot_1753347469.png",
  "labeled_image_path": "labeled_1753347469.png",
  "detection_count": 2,
  "detections": [
    {
      "id": 1,
      "class": "system-cleanUpCache",
      "confidence": 0.835198700428009,
      "yolo_coords": [
        991.6583862304688,
        370.08531188964844
      ],
      "screen_coords": [
        1079.0,
        1387.8199195861816
      ],
      "y_percentage": 57.82582998275757,
      "box_xyxy": [
        920.344970703125,
        303.06402587890625,
        1062.9718017578125,
        437.1065979003906
      ]
    },
    {
      "id": 2,
      "class": "system-notices",
      "confidence": 0.7439810633659363,
      "yolo_coords": [
        992.4676208496094,
        209.61553192138672
      ],
      "screen_coords": [
        1079.0,
        786.0582447052002
      ],
      "y_percentage": 32.752426862716675,
      "box_xyxy": [
        934.6221313476562,
        148.2605438232422,
        1050.3131103515625,
        270.97052001953125
      ]
    }
  ]
}